{
  "02 - Dashboard" : {
    "transaction" : "02 - Dashboard",
    "sampleCount" : 19083,
    "errorCount" : 0,
    "errorPct" : 0.0,
    "meanResTime" : 249.39438243462618,
    "medianResTime" : 195.0,
    "minResTime" : 187.0,
    "maxResTime" : 7268.0,
    "pct1ResTime" : 576.0,
    "pct2ResTime" : 597.0,
    "pct3ResTime" : 650.0,
    "throughput" : 21.287727345744017,
    "receivedKBytesPerSec" : 76.48204562643903,
    "sentKBytesPerSec" : 4.303280820868175
  },
  "06 - Transaction" : {
    "transaction" : "06 - Transaction",
    "sampleCount" : 18121,
    "errorCount" : 0,
    "errorPct" : 0.0,
    "meanResTime" : 224.48336184537226,
    "medianResTime" : 195.0,
    "minResTime" : 187.0,
    "maxResTime" : 5699.0,
    "pct1ResTime" : 219.0,
    "pct2ResTime" : 476.2999999999847,
    "pct3ResTime" : 628.0,
    "throughput" : 20.507150512141216,
    "receivedKBytesPerSec" : 73.6775997914316,
    "sentKBytesPerSec" : 4.185541461950697
  },
  "03 - Inventory" : {
    "transaction" : "03 - Inventory",
    "sampleCount" : 18846,
    "errorCount" : 0,
    "errorPct" : 0.0,
    "meanResTime" : 229.70932823941467,
    "medianResTime" : 195.0,
    "minResTime" : 187.0,
    "maxResTime" : 7276.0,
    "pct1ResTime" : 223.0,
    "pct2ResTime" : 581.0,
    "pct3ResTime" : 628.0,
    "throughput" : 21.09143651417175,
    "receivedKBytesPerSec" : 75.77683920724412,
    "sentKBytesPerSec" : 4.243003829999395
  },
  "05 - Companies" : {
    "transaction" : "05 - Companies",
    "sampleCount" : 18352,
    "errorCount" : 0,
    "errorPct" : 0.0,
    "meanResTime" : 227.76062554490028,
    "medianResTime" : 195.0,
    "minResTime" : 187.0,
    "maxResTime" : 7266.0,
    "pct1ResTime" : 221.0,
    "pct2ResTime" : 578.0,
    "pct3ResTime" : 629.0,
    "throughput" : 20.69761986394067,
    "receivedKBytesPerSec" : 74.3619271521769,
    "sentKBytesPerSec" : 4.163778996066189
  },
  "Total" : {
    "transaction" : "Total",
    "sampleCount" : 94189,
    "errorCount" : 0,
    "errorPct" : 0.0,
    "meanResTime" : 341.8776184055464,
    "medianResTime" : 195.0,
    "minResTime" : 187.0,
    "maxResTime" : 21526.0,
    "pct1ResTime" : 230.0,
    "pct2ResTime" : 585.0,
    "pct3ResTime" : 845.0,
    "throughput" : 104.59157328761266,
    "receivedKBytesPerSec" : 372.5108332883372,
    "sentKBytesPerSec" : 21.20575016677475
  },
  "04 - Anomalies" : {
    "transaction" : "04 - Anomalies",
    "sampleCount" : 18587,
    "errorCount" : 0,
    "errorPct" : 0.0,
    "meanResTime" : 229.33200624092098,
    "medianResTime" : 195.0,
    "minResTime" : 187.0,
    "maxResTime" : 7261.0,
    "pct1ResTime" : 225.0,
    "pct2ResTime" : 581.0,
    "pct3ResTime" : 628.0,
    "throughput" : 20.864108838650296,
    "receivedKBytesPerSec" : 74.96007303511495,
    "sentKBytesPerSec" : 4.217647001563097
  },
  "01 - Login" : {
    "transaction" : "01 - Login",
    "sampleCount" : 1200,
    "errorCount" : 0,
    "errorPct" : 0.0,
    "meanResTime" : 8835.413333333336,
    "medianResTime" : 7855.5,
    "minResTime" : 635.0,
    "maxResTime" : 21526.0,
    "pct1ResTime" : 17372.5,
    "pct2ResTime" : 19249.3,
    "pct3ResTime" : 21154.57,
    "throughput" : 1.9265997601383298,
    "receivedKBytesPerSec" : 2.203669201717403,
    "sentKBytesPerSec" : 0.48164994003458245
  }
}